{
    "typing": {
        "mean": 0.9525452290276987,
        "std": 1.7724616566227198
    },
    "clicks": {
        "mean": 0.0918264450914877,
        "std": 0.20504037410005396
    },
    "switches": {
        "mean": 18.591836734693878,
        "std": 15.405961107389842
    }
}