{
    "typing": {
        "mean": 1.4946740714266165,
        "std": 2.0607920126841837
    },
    "clicks": {
        "mean": 0.0,
        "std": 1e-06
    },
    "switches": {
        "mean": 26.916363636363638,
        "std": 18.4795795433677
    }
}